test_failed,author,files_modified
 TC001, Shivprasad, Class 4
 TC001, Shravani, Class 3
 TC001, Shravani, Class 8
 TC001, Ishani Dubey, Class 10
 TC002, Prateek Srivastava, Class 5
 TC002, Ishani Dubey, Class 4
 TC002, Shivprasad, Class 2
 TC003, Ishani Dubey, Class 7
 TC003, Shravani, Class 6
 TC003, Shivprasad, Class 2
 TC004, Prateek Srivastava, Class 3
 TC004, Prateek Srivastava, Class 7
 TC004, Shivprasad, Class 1
 TC005, Shravani, Class 10
 TC005, Shivprasad, Class 4
 TC005, Shivprasad, Class 8
 TC006, Shivprasad, Class 9
 TC006, Ishani Dubey, Class 2
 TC006, Prateek Srivastava, Class 5
 TC007, Shivprasad, Class 6
 TC007, Ishani Dubey, Class 10
 TC007, Prateek Srivastava, Class 9
 TC008, Prateek Srivastava, Class 1
 TC008, Prateek Srivastava, Class 8
 TC008, Shravani, Class 5
 TC009, Shivprasad, Class 6
 TC009, Ishani Dubey, Class 3
 TC009, Ishani Dubey, Class 9
 TC010, Prateek Srivastava, Class 1
 TC010, Shivprasad, Class 2
 TC010, Prateek Srivastava, Class 7
 TC010, Shivprasad, Class 10
 TC011,Shivpradad,Class 11
TC011,Ishani,Class 2
TC012,Shivpradad,Class 4
TC012,Shravani,Class 1
TC012,Prateek,Class 2
TC013,Ishani,Class 4
TC013,Prateek,Class 5
TC013,Shravani,Class 3
TC014,Shivpradad,Class 1
TC014,Ishani,Class 12
TC014,Shravani,Class 9
TC014,Prateek,Class 3
TC014,Shivpradad,Class 1
TC015,Ishani,Class 2
TC015,Shravani,Class 1
TC015,Ishani,Class 4
TC015,Shivpradad,Class 5
TC015,Prateek,Class 8
TC016,Ishani,Class 7
TC016,Shravani,Class 8
TC016,Prateek,Class 9
TC016,Shivpradad,Class 10
TC016,Shivpradad,Class 5
TC017,Shravani,Class 12
TC017,Ishani,Class 5
TC017,Shravani,Class 9
TC017,Shivpradad,Class 1
TC018,Prateek,Class 11
TC018,Shravani,Class 7
TC018,Ishani,Class 6
TC018,Shivprasad,Class 10
TC018,Shivprasad,Class 2
